ТАНДЕР АО (5950)	контрагент
ООО «Интернет Решения» КОМИССИЯ	контрагент
ДНС Ритейл ООО	контрагент
КОМУС ООО	контрагент
Бэст Прайс ООО	контрагент
ЛЕ МОНЛИД ООО	контрагент
ООО «Оазис»	контрагент
ООО "РВБ", КОМИССИЯ 3P	контрагент
ЛЕНТА ООО	контрагент
ООО «Агроторг»	контрагент
АО "Торговый дом "ПЕРЕКРЕСТОК"	контрагент
ООО «Яндекс Маркет» КОМИССИЯ	контрагент
ИНТЕРНЕТ РЕШЕНИЯ ООО Рябиновая FRESH MAXI-MID	контрагент
ВсеИнструменты.ру ООО	контрагент
ИНТЕРНЕТ РЕШЕНИЯ ООО РЕАЛИЗАЦИЯ	контрагент
ООО "Прометей"	контрагент
ООО ДМ (1470)	контрагент
Офисмаг ООО	контрагент
ИП Смирнов И.А.	контрагент
ООО "ИМИДЖ ТОРГ"	контрагент
ОРБИТА ООО (4306)	контрагент
__СТАРТ ООО	внутренний счёт
АРС-ЭлектрА ООО	контрагент
36 МЕТРО КЭШ ЭНД КЕРРИ ООО	контрагент
ООО "АБ-БЭТТЭРИС"	контрагент
ООО «Мерлион»	контрагент
ООО Эль-Трейд	контрагент
АШАН ООО	контрагент
ООО  ТК Лето	контрагент
ООО «Умный ритейл»	контрагент
ГК «Движение» ООО	контрагент
О'КЕЙ ООО	контрагент
АО "ДИКСИ Юг"	контрагент
ООО "Гиперглобус"	контрагент
ООО "Яндекс.Лавка"	контрагент
Матин Абдул ИП	контрагент
ИП Лысенко Александр Николаевич	контрагент
ОПТПРОМ ООО	контрагент
БОНДАРЕНКО А. ПБОЮЛ	контрагент
МАК-ИНВЕСТ ООО	контрагент
ЧП ЧАС	контрагент
ХАН МУХАММАД АЛИ АХМАТ ИП	контрагент
OOO «Фреш Маркет»	контрагент
ООО «Бион»	контрагент
РЕЛЬЕФ-ЦЕНТР ООО	контрагент
Союз Св.Иоанна Воина ООО	контрагент
БАТКОМПЛЕКТ ООО	контрагент
ООО «Абсолют»	контрагент
МВМ ООО	контрагент
Сладкая жизнь плюс ООО	контрагент
ИСТОЧНИК БЭТТЭРИС ООО	контрагент
ГТС-114 ООО	контрагент
ИП Арзиманов К.Г.	контрагент
АТАК ООО	контрагент
ИП Абдуллаев С.А.	контрагент
ООО «ЭКО РЕСУРС»	контрагент
ООО "Сервико"	контрагент
Электротехмонтаж ТД АО	контрагент
ЧИП и ДИП АО отсрочка	контрагент
Элемент ООО	контрагент
Строительный Двор ООО	контрагент
ООО "СПЕКТР"	контрагент
Розница К-1 ООО	контрагент
ИП Жигулев А.В.	контрагент
ООО «Маяк»	контрагент
АЗ КРЫМ ООО	контрагент
ТОО АЗМАК («AZMAK» )	контрагент
СЭЛПИ ООО	контрагент
Ситилайт ООО (15885)	контрагент
АО "Вкусвилл"	контрагент
ООО «Депо 22»	контрагент
ООО «КОНСТАНТА ТОРГ»	контрагент
ООО «РАЗГУЛЯЙ»	контрагент
СТД «Петрович» ООО	контрагент
ООО «КИЛИКС»	контрагент
ООО "Агроаспект"	контрагент
ООО Почтовая марка	контрагент
АШАН ООО  ПРИКАССА	контрагент
ОптиКом АО	контрагент
СЛАДКАЯ ЖИЗНЬ НН ООО	контрагент
ООО "Торгсервис 69"	контрагент
БРОЗЭКС ТК ООО	контрагент
ООО "Торгсервис 52"	контрагент
ИП Чупахин Александр Анатольевич	контрагент
ИП Феоктистов М.В.	контрагент
Иткис Я. З. ИП	контрагент
ООО "Торгсервис 71"	контрагент
ООО «Спортмастер»	контрагент
ООО "ТК Аргумент"	контрагент
ООО "Торгсервис 50"	контрагент
ООО «Компания «Агора»	контрагент
Пустоляков А.А. ИП	контрагент
Роздухов М.Е. ИП	контрагент
«Торговый Дом «Толедо»	сотрудник/ФИО
Эколайн ООО	контрагент
Копейка-Москва ООО	контрагент
Бауцентр Рус ООО	контрагент
ООО "РВБ"	контрагент
Впрок-Сервис ООО	контрагент
ТД СВлайн система ООО	контрагент
я_ООО  «ЭНЕРГОХОЛДИНГ»	контрагент
ООО «НЬЮМИР»	контрагент
ООО "МАКСИДОМ"	контрагент
Компания  РБТ ООО	контрагент
ООО "Торгсервис 37"	контрагент
МТК ООО	контрагент
ФОТОКОНТУР ООО	контрагент
ООО "Красритейл"	контрагент
ООО "ПродМир"	контрагент
ООО «МАКСИМА ГРУПП»	контрагент
ООО "Юринат БТД"	контрагент
ГОРОДСКОЙ СУПЕРМАРКЕТ ООО	контрагент
Торговый Дом ОРИОН ООО	контрагент
Наш Инструмент ООО	контрагент
ООО "Торгсервис 11"	контрагент
ТоргМаркет	сотрудник/ФИО
ООО «ПрофильТрейд»	контрагент
ООО "Торгсервис 150"	контрагент
ИП Шагдарова Индира Валерьевна (ТС Абсолют)	контрагент
ИП «Сорокин М.И»	контрагент
КОМПАНИЯ "КОЛОРЛОН" ООО	контрагент
ООО «АВТОРУСЬ ЛОГИСТИКА»	контрагент
Зеленцов К.Н. ИП	контрагент
ООО «ФОРТУНА»	контрагент
ООО "Стимул"	контрагент
Белави ООО	контрагент
ООО "ОПТ34"	контрагент
Сима-ленд ТД ООО (18430)	контрагент
ООО Компания «КОЛОРЛОН ВТД»	контрагент
ООО "Торгсервис 124"	контрагент
М-Инвест ООО-отсрочка	контрагент
ООО "Вектор Групп" ОП в г.Калуга	контрагент
ООО Сима-Урал	контрагент
ИП Суворова Е.В.	контрагент
ООО " Единый поставщик"	контрагент
ООО "Ритейлсервис 27"	контрагент
АО «Арома Трейд»	контрагент
ООО "Торгсервис 123"	контрагент
ООО "Торгсервис 161"	контрагент
ООО "КАТРАН"	контрагент
ООО "ПАРТНЕРС ГРУПП"	контрагент
ВАШ ДОМ ООО	контрагент
ООО "Электротехника"	контрагент
ОсОО «Рустэль»	контрагент
ООО "Винлаб-Запад"	контрагент
ООО "Восторг 52"	контрагент
СеллФактор ООО	контрагент
ООО "Торгсервис 238"	контрагент
ООО "Торгсервис 61"	контрагент
ООО "Восторг 76"	контрагент
ООО «Рево Чардж Рус»	контрагент
ООО "Торгсервис 43"	контрагент
ООО "Торгсервис 342"	контрагент
ИСТОК АУДИО ТРЕЙДИНГ ООО	контрагент
ОМА ООО	контрагент
ООО "Торгсервис 324"	контрагент
ВЕРТИКАЛЬ ООО	контрагент
БРУСТАР ГРУПП ООО	контрагент
Сан Лайт Электро ООО	контрагент
ООО "ОРИОН СТОК"	контрагент
ФОТО-ЛЭНД ООО	контрагент
ООО «Август трейд»	контрагент
ИП Рыгалов Сергей Викторович	контрагент
ООО "Торгсервис 23"	контрагент
АТАК ООО _ПРИКАССА	контрагент
Черкашин А.С. ИП	контрагент
ООО «ХОЗСФЕРА»	контрагент
АО «Планета увлечений»	контрагент
ИП Астафьев Сергей Иванович	контрагент
ООО "РВБ" РЕАЛИЗАЦИЯ 1P	контрагент
Романова О.З. ИП	контрагент
я_ООО «Сигма»	контрагент
АО «ГОЛЬФСТРИМ охранные системы»	контрагент
ТРОШИН Ю.А. ИП	контрагент
ТД Шкуренко ООО (20122)	контрагент
ООО "Ритейлсервис 42"	контрагент
ООО "Торгсервис 16"	контрагент
Транзит-Ойл ООО	контрагент
СКАЛЕПОВА О.В. ИП	контрагент
ТС Командор ООО	контрагент
ООО "Восторг 61"	контрагент
СТРАХОВ С. А. ИП	контрагент
АвтоКомфорт+ ООО	контрагент
ТЕХНОПАРК ООО	контрагент
ТоргСвет ООО	контрагент
АТЛАНТ ООО	контрагент
ООО «Фаворит»	контрагент
ООО «Т-МОНИТОРИНГ"	контрагент
ООО "Торгсервис 34"	контрагент
ООО ДМ ЕЩЕ	контрагент
АО «Абсолютная Энергия»	контрагент
Энергия плюс 2000 ООО	контрагент
ООО «ТС 24 часа»	контрагент
Астмаркет ООО	контрагент
ИнженерФорм ООО	контрагент
ООО "ГОЛЬФСТРИМ охранные системы"	контрагент
ООО «АКТИВ»	контрагент
ООО "Торгсервис 30"	контрагент
ИП Плешков Сергей Александрович	контрагент
МАКСИМА ООО	контрагент
ИП Исмаилов Талгат Алиевич	контрагент
ПРОСТОР-МАРКЕТ ООО	контрагент
ООО «Фирма ЭмСиТрэйд»	контрагент
ИП Терехова Татьяна Ивановна	контрагент
ООО «Русский Свет»	контрагент
ИП Семыкин Вадим Иванович	контрагент
ПЕРШУТОВ П.В. ИП	контрагент
АС-СЕРВИС ООО	контрагент
ПРОДОВОЗ ООО	контрагент
ИСТОК-АУДИО ИНТЕРНЭШНЛ ОАО	контрагент
ФАРМ АО	контрагент
ТЕХНОПАРК-Центр ООО	контрагент
ООО "Торгсервис 58"	контрагент
ООО «АВС ЦЕНТР»	контрагент
НОВАЯ ЭНЕРГИЯ ООО	контрагент
ООО КАПИТАЛТОРГ	контрагент
ООО "Компания Техлэнд"	контрагент
ООО «ЭЛАСГО»	контрагент
ООО "Торгсервис 138"	контрагент
ЗАО «Торговый дом «Арома»	контрагент
Коннект ООО	контрагент
БЕЛЫЙ КВАДРАТ СЕРВИС ООО	контрагент
ООО «КРАСНОДАРЭЛЕКТРО»	контрагент
Прогресс ООО	контрагент
ИП Дюмин Е.Ю.	контрагент
Макшел- КМВ ООО	контрагент
ООО «ТД ТИНКО»	контрагент
ТД ВАРТОМ ООО	контрагент
Электромагнит ООО	контрагент
Мартынов Е.В. ИП	контрагент
СОЮЗ ООО	контрагент
ИП Белоусов Алексей Леонидович	контрагент
ООО «ГЛАВСНАБ»	контрагент
ГУМБА Н.Г. ИП	контрагент
МВМ ООО Маркетплейс	контрагент
ООО «ПАСКЕР ЛТД»	контрагент
ООО "Брендстоун"	контрагент
АРС-ПРОМ ООО	контрагент
ООО «Главхозторг»	контрагент
ООО "Восторг 53"	контрагент
АЮСС Якутск ООО	контрагент
ООО «Магнит Маркет»	контрагент
АО Парфюм	контрагент
ООО "ПроСтор 103"	контрагент
Авента ООО	контрагент
ИП Лисин П.В.	контрагент
АМД-СТРОЙ ООО	контрагент
ООО ТД НМ (ТорговыйДом Нефтьмагистраль)	контрагент
ИП Малмыгин А.С.	контрагент
ООО АРАГОН	контрагент
МАНСУРИ А.М	сотрудник/ФИО
ООО «Маркет»	контрагент
я_ПЕЛИКАН ООО	контрагент
ИП Дюмин Юрий Алексеевич	контрагент
ИП Пеплов П.В.	контрагент
ООО "Торгсервис 338"	контрагент
Авто-Траст ООО	контрагент
ООО "Торгсервис 56"	контрагент
ИП Агаев Ядигар Агарази оглы	контрагент
АО «Электрокомплектсервис"	контрагент
ООО «Диджитал»	контрагент
ООО «Деловая канцелярия»	контрагент
ООО "Торгсервис 63"	контрагент
О-Си-Эс-Центр ООО	контрагент
ИП Дергулева О. В.	контрагент
РЦ Вятка - Алкоголь	сотрудник/ФИО
ООО «Амтел»	контрагент
Электроснаб ООО	контрагент
ИП  Казанцев  А.Н.	контрагент
Амизян В.А. ИП	контрагент
Сити-Сервис ООО	контрагент
Орион ООО	контрагент
АЛЬЯНС ООО	контрагент
ООО "Лотида"	контрагент
ТД Мультитрейд ООО	контрагент
я_ИП Обутов Иван Иванович	контрагент
ООО "ТК РостСтрой”	контрагент
ИП Ханакин П.А.	контрагент
ООО «РусХОЛТС»	контрагент
ООО «ГФ36»	контрагент
ООО «Апельсин-С»	контрагент
ТРИАЛ МАРКЕТ ООО	контрагент
ООО «НИКС Компьютерный Супермаркет»	контрагент
я_ООО "Лемма"	контрагент
ООО "Торгсервис 64"	контрагент
Урал-логистик ООО	контрагент
ООО «ЕЖИВИКА»	контрагент
_МЕРОПРИЯТИЯ	внутренний счёт
я_Аудио-Видео-Мир	сотрудник/ФИО
Опт и Розница ООО	контрагент
Сити-строй ООО	контрагент
я_ИП  ВОЛКОВА ОЛЬГА ФЕДОРОВНА	контрагент
ООО "Аргумент"	контрагент
ООО «ФОРТУНА-АГ»	контрагент
ООО «ТЕХНИКА ГРУПП»	контрагент
Детский мир Маркетплейс	сотрудник/ФИО
ООО ”Скай норд“	контрагент
Автохимия-Инвест ООО	контрагент
ООО "Торгсервис 142"	контрагент
ООО «Центр-Т»	контрагент
ООО «ЧОП «КРона-Р»	контрагент
ООО "Дельта"	контрагент
ИП Гуля-Яновская Л.А.	контрагент
ООО «ПолимерТара»	контрагент
ООО«Альянс»	контрагент
ООО «Снабженец»	контрагент
ООО «ТЕРМОПУЛЬС»	контрагент
ДАРС АО	контрагент
ИП Немыткин В. А.	контрагент
ИП Шевчук Анастасия Анатольевна	контрагент
ООО "СИРИУС ПЛЮС"	контрагент
ООО «Конкорд Сервис»	контрагент
я_ООО "ЮДВ"	контрагент
СВ ЭКСПОРТ ООО	контрагент
Т2МБ ООО	контрагент
ООО "Автомеханика-Сибирь"	контрагент
ИП Завалевский Е.И.	контрагент
Общество с ограниченной ответственностью «САР-РИТЕЙЛ»	контрагент
МОДИ ООО	контрагент
Альма ООО	контрагент
ООО «Зоотрейд»	контрагент
ООО "БАСТИОН-АРМС"	контрагент
КорТрейд ООО	контрагент
ПКБ Техника ООО	контрагент
ЗАО "МПО Электромонтаж"	контрагент
СУВОРОВ М.А. ИП	контрагент
АВС-электро ООО	контрагент
я_ООО «Партнер-Логистик»	контрагент
ООО «Санрайз»	контрагент
МБТ ООО	контрагент
ООО «Электротехснаб»	контрагент
ПОГОРЕЛОВ В.А.ЧП	контрагент
я_ООО «Экострой»	контрагент
ООО «МВС»	контрагент
ООО «СадХозТорг»	контрагент
я_ИП Чибиряев Кирилл Сергеевич	контрагент
ИП Катышев Р.Е	контрагент
КЭМП-Домодедово ООО	контрагент
я_ООО «ТРИО»	контрагент
ИП Павлик А.Ф.	контрагент
ООО «ПИТ Лоджистик»	контрагент
МУЗЫКАНТ ООО	контрагент
ООО "Брайтенберг"	контрагент
ПЛЕНКИ.НЕТ ООО	контрагент
ООО "Торгсервис 3"	контрагент
Домашний мастер ООО	контрагент
БАШЭЛЕКТРОСЕРВИС ООО	контрагент
Ковтун С.В. ИП	контрагент
ООО «50 Герц»	контрагент
ИП Пискунова Ирина Николаевна	контрагент
«Уралэнерго-Трейд» ООО, г.Ижевск	контрагент
СЗГАЗ ООО	контрагент
ООО "ЭДЕЛЬВЕЙС"	контрагент
ИП Куприянова О.В.	контрагент
ИП Столярова М.А.	контрагент
ООО "Торгсервис 101"	контрагент
ИП Мирмов Евгений Григорьевич	контрагент
НИКУЛИН В.В. ИП	контрагент
ООО «Стиль-Авто»	контрагент
ООО «универсамы Бегемаг»	контрагент
РАСПРОДАЖА СТОКА (КУКУШКИНА)	внутренний счёт
я_СИБИРЬ ДИСТРИБУЦИЯ ООО	контрагент
ИП Сумин Валерий Петрович	контрагент
ООО «ЕКОМ»	контрагент
КОМПАНИЯ СПЕЙС ООО	контрагент
ИП Филатов В.В.	контрагент
ТД Трианон ООО	контрагент
ООО "АСВА"	контрагент
РОБЭКС ООО	контрагент
ООО «АВТОМАГ»	контрагент
Магистраль-НН ООО	контрагент
ООО «РБ»	контрагент
ООО «КардиоМед»	контрагент
Квадрат ООО	контрагент
СОЛИД ООО	контрагент
ООО " Инжстандарт"	контрагент
ИП Хрынов Г.И.	контрагент
Власова Ольга Владимировна ИП	контрагент
Торговая Компания «Курс 2000» ООО	контрагент
ЭЛЕКТРИЧЕСКИЕ ТЕХНОЛОГИИ ООО	контрагент
ИП Гребенщиков Владислав Сергеевич	контрагент
ФИРМА АЛЬФА-ПЛЮС ООО	контрагент
я_ООО «Ноктюрн»	контрагент
ИП Ахмад Сухайл Мохд Афзал	контрагент
ООО «МАРКЕТПЛЕЙС» Москва_МегаМаркет	контрагент
Батаев В.П. ИП	контрагент
Пожидаев А.А. ИП	контрагент
И СВЯЗЬ ООО	контрагент
Багдасарьян Н.В. ИП	контрагент
Профторг ГК ООО	контрагент
ЗАЙЦЕВА В.А. ИП	контрагент
OOO "МКЦ"	контрагент
ООО «БалтКам»	контрагент
Потапов С.Ю. ИП	контрагент
БАЙТЭРГ ООО	контрагент
_ОТДЕЛ E-COMMERCE KA_	внутренний счёт
ООО «Мир охоты»	контрагент
НПО ЭКО-ИНТЕХ  ООО	контрагент
ООО "ЛАЛ-АВТО"	контрагент
ИП Кантор Е.В.	контрагент
ООО "Светоэлемент"	контрагент
НиК-К ООО	контрагент
ООО «Субмераль»	контрагент
"ВСЁСМАРТ" ООО, Москва	контрагент
ИП Кондрашенко Елена Алексеевна	контрагент
«Топ Диск»	сотрудник/ФИО
ООО «Трэвел Ритейл»	контрагент
ООО "СОТА ЦЕНТР"	контрагент
ИП Павицкий А.А.	контрагент
СВЯЗЬ-ПАРТНЕР ООО	контрагент
ООО "ДТК"	контрагент
ООО «Мастер Электрик»	контрагент
ООО «ФОРВАРД ПЛЮС»	контрагент
Оптонофф ООО	контрагент
Индивидуальный предприниматель Аранда Т.М.	сотрудник/ФИО
Водуд Абдул ИП	контрагент
ООО "ЭНЕРГОСТАНДАРТВОРОНЕЖ"	контрагент
ООО "БАЗАМЕД"	контрагент
ООО «Юнитон»	контрагент
_СКЛАД ДОМОДЕДОВО	внутренний счёт
ИП Кожевникова Ангелина Евгеньевна	контрагент
ИП Лыщик С.Т.	контрагент
ООО «Макалу»	контрагент
ООО «КупецЪ»	контрагент
ИП Тонкошкуров Александр Анатольевич	контрагент
НПЦ СПЕКТР АТ ООО	контрагент
ИП Качаева А.А.	контрагент
я_ООО ТД «Русойл»	контрагент
_ОТДЕЛ РЕГИОН_	внутренний счёт
ИП  ТИМОХОВ А. А.	контрагент
_НЕДОСТАЧА - ПО ПРИХОДУ	внутренний счёт
ООО "ТРЕЙДАЛЬЯНС"	контрагент
я_РУБИН ООО	контрагент
ИП Костин Р.Н.	контрагент
я_ИП Дегтярев Алексей Игоревич	контрагент
я_ООО «Воронеж Бэттерис»	контрагент
ИП Шаров Я.А.	контрагент
ООО "Торгсервис 116"	контрагент
_МАРКЕТИНГ	внутренний счёт
ООО «ТПК «ВЭТЭК-АГРО»	контрагент
ООО "ВУЛКАН-С"	контрагент
ООО «Абис-Трейд»	контрагент
я_ООО Строймаркет	контрагент
ООО Ладакомплект	контрагент
_ОТДЕЛ РАЗВИТИЯ_	внутренний счёт
ООО «Эталон»	контрагент
ООО "ЛИСТЕР ГРУПП"	контрагент
АО «Кристалл»	контрагент
ООО "ГРАСС ТВЕРЬ"	контрагент
ИП Касаткин С.В.	контрагент
ООО «САПСАН»	контрагент
ООО «Системные Решения»	контрагент
я_ООО «Юниверсал»	контрагент
ООО «ОФФПРАЙС»	контрагент
ШОП ТВ ООО	контрагент
ЛЕ МОНЛИД маркет	сотрудник/ФИО
ООО «Сити-Экспресс»	контрагент
АО "РТК"	контрагент
ИП Анашкин Александр Павлович	контрагент
я_ЭТК ООО	контрагент
БАЙКАЛ ООО	контрагент
ЛЮТНЕР СПБ ООО	контрагент
ООО "Торгсервис 5"	контрагент
ООО «РегионКомплект»	контрагент
ИП Кутергин Д.С.	контрагент
ООО «Секретарь-БИЗНЕС»	контрагент
__А Зет ООО	внутренний счёт
ООО "Екатеринбург Яблоко"	контрагент
ООО «ДЕЛЬТА АВТО СИСТЕМС»	контрагент
Кокшаров А.Л. ИП	контрагент
ООО «АНК Групп»	контрагент
я_ИП СИЛКИН Е.В.	контрагент
НЕСТЕРЕНКО А.А. ИП	контрагент
ООО "Юста"	контрагент
СпецПроект М ООО	контрагент
я_НПО ГАММА ООО	контрагент
АО «КОМПЭЛ»	контрагент
ПРОМКОМПЛЕКТ ООО	контрагент
ООО «Гарвин Индастриал» СПБ	контрагент
ООО "ЧУДО СВЕТА"	контрагент
ООО "СОВРЕМЕННЫЕ РЕШЕНИЯ"	контрагент
ООО «Энерголюкс Регион»	контрагент
ООО "Алма"	контрагент
ООО «Зенит»	контрагент
ИП Кешишьян П.В.	контрагент
ООО  «ПЛАТЭК»	контрагент
ЧЕРТА ООО	контрагент
ГНЕЗДИЛОВ А.А. ИП	контрагент
ФКП Ясень	контрагент
ИП Астратенкова Е.В.	контрагент
АЛЬФА-НЕВА ООО	контрагент
я_Ратио ООО	контрагент
ТОРУС ООО	контрагент
ЛОЗБЕНЬ В.Г. ИП	контрагент
ООО «КЕХ еКоммерц»	контрагент
я_ООО "Мультимедийный мир"	контрагент
ООО «Спутник Трейд»	контрагент
МегаТорг -Л ООО	контрагент
ООО “БИЛДЭЛЕКТРО”	контрагент
АЛИМОВ А.Т.	сотрудник/ФИО
АНО «Центр «Амурский тигр»	контрагент
Энергосистемы ООО	контрагент
СМАРТ ООО	контрагент
Торговый Дом Виконт ООО	контрагент
Южные Ворота (Рынок)	сотрудник/ФИО
Ашмарин Юрий Анатольевич ИП	контрагент
ИП Белова Л.Ф.	контрагент
_ВНУТРЕННИЕ ПОТРЕБЛЕНИЯ	внутренний счёт
СИНТЕЗ ООО	контрагент
я_ИП Добрыднева Т.Н.	контрагент
я_ИП Токарева О.А.	контрагент
я_Электрокомплект ООО	контрагент
Мир-Л ООО	контрагент
ФОКУС-ФОТО ООО	контрагент
ООО "СП Смарт"	контрагент
я_ИП Журбин А.И.	контрагент
ООО «Алькор и Ко»	контрагент
_НЕДОПОСТАВКА-ЗАКАЗЧИК	внутренний счёт
ООО "КОНТАКТ"	контрагент
я_ООО "Вектор Групп" Калужский филиал	контрагент
ЗАО "ФМ ЛОЖИСТИК ВОСТОК"	контрагент
ООО «Алибаба.ком(РУ)» реализация	контрагент
ДИСТРИБЬЮШН ЛОГИСТИК ООО	контрагент
ООО "Екатеринбург Яблоко" СТАРТ Комиссия	контрагент
Сулейманович Б.Б. ИП 19864	контрагент
я_ООО "ЛЕМА"	контрагент
КВАЗАР/BLP	внутренний счёт
ПИРАМИДА ООО МХ	контрагент
я_ООО «Новый Концепт»	контрагент
Тренд Телеком Восток ООО	контрагент
ООО «БытХимТорг»	контрагент
АРС ООО (прочие)	контрагент
РОМАНЮК Д.	сотрудник/ФИО
я_ООО «ДК Альфа»	контрагент
ЖЕМАЛЕТДИНОВА В.Н.	сотрудник/ФИО
Общество с ограниченной ответственностью«Современные технологии» (ООО «СТ»)	контрагент
АРТАМОНОВ А.В,(СОТРУДНИК)	сотрудник
РАЗОВЫЙ	внутренний счёт
_ОТДЕЛ_СКЛАД_	внутренний счёт
БРАТЧИКОВА Е.В.	сотрудник/ФИО
ФЕДИНА Е.П.	сотрудник/ФИО
ИП Жбанова Наталия Олеговна	контрагент
ЛАВРОВА Т.И.	сотрудник/ФИО
КАВЕРИНА Ю.Ю.	сотрудник/ФИО
Строй Материал ООО	контрагент
ГК Омиком ООО	контрагент
ОБЩЕСТВО С ОГРАНИЧЕННОЙ ОТВЕТСТВЕННОСТЬЮ "САНТЕХХОЗТОРГ"	контрагент
КНЯЗЕВА Е.А.	сотрудник/ФИО
Николаева Н.А.(СОТРУДНИКИ)	сотрудник
Шишигина Н.Н.	сотрудник/ФИО
ИП Тыркин А.В.	контрагент
_ОТДЕЛ_СБ_	внутренний счёт
ЧЕРНОВА М.Г. ИП	контрагент
ПУШКАРЕВ Д.	сотрудник/ФИО
ВИНОКУРОВА В.В.	сотрудник/ФИО
ХАРЛАМОВА Ю. (ПАНФИЛОВА)	сотрудник/ФИО
_ОТДЕЛ_ЮРИСТ_	внутренний счёт
ЗАЙЦЕВА Ю.	сотрудник/ФИО
Куприянова О.Н.	сотрудник/ФИО
КИСАРЕВА Я. В. (отдел регион)	сотрудник
ЗАБОРСКИХ А.И.	сотрудник/ФИО
КОВАЛЕВ К.Е. (сотрудники)	сотрудник
ХАХАЕВ В.М. ИП	контрагент
_ЗАВОДСКОЕ НЕДОВЛОЖЕНИЕ (950)	внутренний счёт
ДЖАМУРАТОВА Ю.А. (Санягина Ю.)	сотрудник/ФИО
АВДЕЕВА Т.	сотрудник/ФИО
БОЧАРОВА Е.В.	сотрудник/ФИО
ООО «АвтоФон»	контрагент
ЦУРКОВА О.	сотрудник/ФИО
_ОТДЕЛ_IT_	внутренний счёт
__ФЕМИНА ООО	внутренний счёт
Комнатная Е. В. (Вороненко Е.В.)	сотрудник/ФИО
МОИСЕЕНКО А.А.	сотрудник/ФИО
Северо-Кавказское логистическое предприятие ООО	контрагент
Почта России АО	контрагент
ЛИХТАРЬ Е.	сотрудник/ФИО
ПИКАЛОВА	сотрудник/ФИО
я_Симонов И.К. ИП	контрагент
КРЫЛОВА Л.М.	сотрудник/ФИО
ГААН А.В.	сотрудник/ФИО
ИП Мещеряков С.С.	контрагент
ЛУПАТОВА И.М.	сотрудник/ФИО
КУРОЧКИНА П.С. (склад)	сотрудник
Корнеева О.С.	сотрудник/ФИО
ПОДОРОЖНЫЙ В.О. (СКЛАД)	сотрудник
ПОЛЯКОВА И.В.	сотрудник/ФИО
ВЕТРОВА Е.С.	сотрудник/ФИО
МИНИНА Д.В.(СОТРУДНИКИ )	сотрудник
ЯКОВЛЕВА Т.	сотрудник/ФИО
НАЗАРОВА Т.	сотрудник/ФИО
ООО "Гринвэй-Транспорт"	контрагент
ЕЛМАНОВА С.А.	контрагент
ЧЕРНЫШОВ Н.А.	сотрудник/ФИО
СМОЛЯКОВА Е. (Бахтеева)	сотрудник/ФИО
Брюхова Н.Н.	сотрудник/ФИО
КРЫЛОВА В.М.	сотрудник/ФИО
я_Президент-Отель ФГУП	контрагент
ПЕЧЕНКИНА Е.А,	сотрудник/ФИО
ОРЕХАНОВА	контрагент
СОЛОМАХИНА О.А. (СКЛАД)	сотрудник
ОГНЕВ Д.И.	сотрудник/ФИО
КАРПОВА Т.Ю. (сотрудники)	сотрудник
ОКУНЕВА О.В.(СОТРУДНИКИ)	сотрудник
ИВАЩЕНКО Д.В. (сотрудники)	сотрудник
Симанкин Д.С. (сотрудники)	сотрудник
ПОЛУХИНА Н. В.	сотрудник/ФИО
КРАСНОЩЕКАЯ К.С.	сотрудник/ФИО
КУЗНЕЦОВА С.А (СОТРУДНИК)	сотрудник
ЛИТВИНА Е.Ю.	сотрудник/ФИО
БУТОРИНА О	сотрудник/ФИО
МИХЕЕВА(ШАПОШНИКОВА) Т. М.	сотрудник/ФИО
ЧАРЫКОВА Э.С.	сотрудник/ФИО
Желяпова Анна (ЧНИ)	сотрудник
БЕРСЕНЕВА Е.В.( СОТРУДНИКИ )	сотрудник
БАХИРЕВА Н.Ф. (сотрудник)	сотрудник
_ОТДЕЛ_ОФИС_	внутренний счёт
КНЯЗЕВ ВАДИМ	сотрудник/ФИО
ЛАРИНА (ПОПОВА) С.Б.	сотрудник/ФИО
ИВАНОВА А.К.	контрагент
_ОТДЕЛ_АХО_	внутренний счёт
_ОТДЕЛ_ЛОГИСТИКИ_	внутренний счёт
МЕЩЕРЯКОВ Б.П.	сотрудник/ФИО
ХАФИЗОВА Г.А (8810)	сотрудник/ФИО
РЯБОВА М.А.	сотрудник/ФИО
ТЕРЕЩЕНКО А.Н. (СКЛАД)	сотрудник
Тарасов Г.П. ИП	контрагент
БОНДАРЕНКО Т.	сотрудник/ФИО
ВОЙНОВА	сотрудник/ФИО
КОЛОТВИНА О.А. (Сотрудники)	сотрудник
КОСТИНА О.	сотрудник/ФИО
Ишкина Г.Р.	сотрудник/ФИО
ГРИГОРЬЯН Н.Р.	сотрудник/ФИО
Яндекс ООО КОМИССИЯ	контрагент
я_ООО « ХОЗТОРГ»	контрагент
я_ООО «Мечта»	контрагент
ПЭК ООО (8365)	контрагент
УК СТАРТ  АО (7061)	контрагент
я_ООО «СК-Трейд»	контрагент
ТД Электротехмонтаж ООО	контрагент
_ОТДЕЛ КА_	внутренний счёт
ООО «Энерджи Селлер»	контрагент
я_ООО ТД «ЭлектроМир»	контрагент
я_ООО ТК Сервис	контрагент
я_Стройторговля ООО (18051)	контрагент
ООО "Эй-Пи Трейд"	контрагент